<?xml version="1.0" encoding="UTF-8"?>
<project-private xmlns="http://www.netbeans.org/ns/project-private/1">
    <editor-bookmarks xmlns="http://www.netbeans.org/ns/editor-bookmarks/2" lastBookmarkId="0"/>
    <open-files xmlns="http://www.netbeans.org/ns/projectui-open-files/2">
        <group>
            <file>file:/C:/Users/91730/git-files/AED_FINAL_PROJECT/Service_O_Clock/src/UI/PaitingAdmin/ViewPaintingRequestOrderJPanel.java</file>
            <file>file:/C:/Users/91730/git-files/AED_FINAL_PROJECT/Service_O_Clock/src/Beautician/BeauticianWorker.java</file>
            <file>file:/C:/Users/91730/git-files/AED_FINAL_PROJECT/Service_O_Clock/src/UI/PestControlTechnician/PestControlTechnician.jpeg</file>
            <file>file:/C:/Users/91730/git-files/AED_FINAL_PROJECT/Service_O_Clock/src/SalonServices/SalonDirectory.java</file>
            <file>file:/C:/Users/91730/git-files/AED_FINAL_PROJECT/Service_O_Clock/src/UI/PaitingAdmin/ManagePaintingRequestsJPanel.java</file>
            <file>file:/C:/Users/91730/git-files/AED_FINAL_PROJECT/Service_O_Clock/src/Role/BeauticianRole.java</file>
            <file>file:/C:/Users/91730/git-files/AED_FINAL_PROJECT/Service_O_Clock/src/UI/BeauticianPanels/BeauticianWorkAreaJPanel.java</file>
            <file>file:/C:/Users/91730/git-files/AED_FINAL_PROJECT/Service_O_Clock/src/UI/SysAdmin/CreateCustomerJPanel.java</file>
            <file>file:/C:/Users/91730/git-files/AED_FINAL_PROJECT/Service_O_Clock/src/UI/HomeServiceAdmin/HomeServiceAdminWorkAreaJPanel.java</file>
            <file>file:/C:/Users/91730/git-files/AED_FINAL_PROJECT/Service_O_Clock/src/UI/SysAdmin/CreateSalonAdminJPanel.java</file>
            <file>file:/C:/Users/91730/git-files/AED_FINAL_PROJECT/Service_O_Clock/src/UI/SalonServiceAdmin/ManageSalonInfoJPanel.java</file>
            <file>file:/C:/Users/91730/git-files/AED_FINAL_PROJECT/Service_O_Clock/src/Role/PainterRole.java</file>
            <file>file:/C:/Users/91730/git-files/AED_FINAL_PROJECT/Service_O_Clock/src/UI/SalonServiceAdmin/ManageRequestsJPanel.java</file>
            <file>file:/C:/Users/91730/git-files/AED_FINAL_PROJECT/Service_O_Clock/src/Business/Organisation.java</file>
            <file>file:/C:/Users/91730/git-files/AED_FINAL_PROJECT/Service_O_Clock/src/UI/PestControlAdmin/PestControlAdminWorkAreaJPanel.java</file>
            <file>file:/C:/Users/91730/git-files/AED_FINAL_PROJECT/Service_O_Clock/src/UI/BeauticianPanels/BeauticianHomeJPanel.java</file>
            <file>file:/C:/Users/91730/git-files/AED_FINAL_PROJECT/Service_O_Clock/src/UI/PestControlTechnician/PestcontrolTecnician.jpeg</file>
            <file>file:/C:/Users/91730/git-files/AED_FINAL_PROJECT/Service_O_Clock/src/UI/HomeServiceAdmin/ViewHomeRequestJPanel.java</file>
            <file>file:/C:/Users/91730/git-files/AED_FINAL_PROJECT/Service_O_Clock/src/UI/PestControlTechnician/TechnicianRequestJPanel.java</file>
            <file>file:/C:/Users/91730/git-files/AED_FINAL_PROJECT/Service_O_Clock/src/UI/MainJFrame.java</file>
            <file>file:/C:/Users/91730/git-files/AED_FINAL_PROJECT/Service_O_Clock/src/UI/SalonServiceAdmin/RequestDetailsJPanel.java</file>
            <file>file:/C:/Users/91730/git-files/AED_FINAL_PROJECT/Service_O_Clock/src/UI/SysAdmin/SalonOrganisationJPanel.java</file>
            <file>file:/C:/Users/91730/git-files/AED_FINAL_PROJECT/Service_O_Clock/src/Business/ConfigureASystem.java</file>
            <file>file:/C:/Users/91730/git-files/AED_FINAL_PROJECT/Service_O_Clock/src/UI/PaitingAdmin/ManagePaintingInformationJPanel.java</file>
            <file>file:/C:/Users/91730/git-files/AED_FINAL_PROJECT/Service_O_Clock/src/DB4Outil/DB4Outil.java</file>
            <file>file:/C:/Users/91730/git-files/AED_FINAL_PROJECT/Service_O_Clock/src/PestControlOrganization/PestControlDirectory.java</file>
            <file>file:/C:/Users/91730/git-files/AED_FINAL_PROJECT/Service_O_Clock/src/UI/SalonServiceAdmin/AssignBeauticianJPanel.java</file>
            <file>file:/C:/Users/91730/git-files/AED_FINAL_PROJECT/Service_O_Clock/src/UI/SysAdmin/SystemAdminWorkAreaJPanel.java</file>
            <file>file:/C:/Users/91730/git-files/AED_FINAL_PROJECT/Service_O_Clock/src/HomeServiceTechnician/TechnicianDirectory.java</file>
            <file>file:/C:/Users/91730/git-files/AED_FINAL_PROJECT/Service_O_Clock/src/UI/Customer/CustomerWorkAreaJPanel.java</file>
            <file>file:/C:/Users/91730/git-files/AED_FINAL_PROJECT/Service_O_Clock/src/Role/HomeServiceTechnicianRole.java</file>
            <file>file:/C:/Users/91730/git-files/AED_FINAL_PROJECT/Service_O_Clock/src/Role/HomePaintingAdminRole.java</file>
            <file>file:/C:/Users/91730/git-files/AED_FINAL_PROJECT/Service_O_Clock/src/UI/PestControlAdmin/AssignTechnicianJPanel.java</file>
            <file>file:/C:/Users/91730/git-files/AED_FINAL_PROJECT/Service_O_Clock/src/Role/HomeServicesAdminRole.java</file>
            <file>file:/C:/Users/91730/git-files/AED_FINAL_PROJECT/Service_O_Clock/src/UI/PaitingAdmin/PaintingAdminWorkAreaJPanel.java</file>
            <file>file:/C:/Users/91730/git-files/AED_FINAL_PROJECT/Service_O_Clock/src/UI/Painter/ManagePaintingRequestJPanel.java</file>
            <file>file:/C:/Users/91730/git-files/AED_FINAL_PROJECT/Service_O_Clock/src/UserAccounts/UserAccountDirectory.java</file>
            <file>file:/C:/Users/91730/git-files/AED_FINAL_PROJECT/Service_O_Clock/src/UI/PestControlAdmin/ViewPestControlRequestJPanel.java</file>
            <file>file:/C:/Users/91730/git-files/AED_FINAL_PROJECT/Service_O_Clock/src/Role/PestControlTechnicianRole.java</file>
            <file>file:/C:/Users/91730/git-files/AED_FINAL_PROJECT/Service_O_Clock/src/UI/PestControlAdmin/ManagePestControlServiceJPanel.java</file>
            <file>file:/C:/Users/91730/git-files/AED_FINAL_PROJECT/Service_O_Clock/src/Role/CustomerRole.java</file>
            <file>file:/C:/Users/91730/git-files/AED_FINAL_PROJECT/Service_O_Clock/src/HomeServiceTechnician/Technician.java</file>
            <file>file:/C:/Users/91730/git-files/AED_FINAL_PROJECT/Service_O_Clock/src/UI/HomeServiceTechnicianPanels/HomeServiceTechnicianWorkAreaJPanel.java</file>
            <file>file:/C:/Users/91730/git-files/AED_FINAL_PROJECT/Service_O_Clock/src/UI/SysAdmin/CreateBeauticianJPanel.java</file>
            <file>file:/C:/Users/91730/git-files/AED_FINAL_PROJECT/Service_O_Clock/src/UI/HomeServiceAdmin/ManageHomeWorkerInfoJPanel.java</file>
            <file>file:/C:/Users/91730/git-files/AED_FINAL_PROJECT/Service_O_Clock/src/UI/PestControlTechnician/TechnicianAreaJPanel.java</file>
            <file>file:/C:/Users/91730/git-files/AED_FINAL_PROJECT/Service_O_Clock/src/UI/PaitingAdmin/AssignPainterJPanel.java</file>
            <file>file:/C:/Users/91730/git-files/AED_FINAL_PROJECT/Service_O_Clock/src/UI/Painter/PainterAreaJPanel.java</file>
            <file>file:/C:/Users/91730/git-files/AED_FINAL_PROJECT/Service_O_Clock/src/Role/StoreAdminRole.java</file>
            <file>file:/C:/Users/91730/git-files/AED_FINAL_PROJECT/Service_O_Clock/src/UI/PestControlAdmin/ManagePestControlRequestJPanel.java</file>
            <file>file:/C:/Users/91730/git-files/AED_FINAL_PROJECT/Service_O_Clock/src/Role/SysAdmin.java</file>
            <file>file:/C:/Users/91730/git-files/AED_FINAL_PROJECT/Service_O_Clock/src/Business/Ecosystem.java</file>
            <file>file:/C:/Users/91730/git-files/AED_FINAL_PROJECT/Service_O_Clock/src/UI/SalonServiceAdmin/AdminWorkAreaJPanel.java</file>
            <file>file:/C:/Users/91730/git-files/AED_FINAL_PROJECT/Service_O_Clock/src/Role/Role.java</file>
            <file>file:/C:/Users/91730/git-files/AED_FINAL_PROJECT/Service_O_Clock/src/UI/PaitingAdmin/ManagePaintingServicesJPanel.java</file>
            <file>file:/C:/Users/91730/git-files/AED_FINAL_PROJECT/Service_O_Clock/src/UI/HomeServiceAdmin/HomeServiceWorkRequestJPanel.java</file>
            <file>file:/C:/Users/91730/git-files/AED_FINAL_PROJECT/Service_O_Clock/src/Role/PestControlAdminRole.java</file>
            <file>file:/C:/Users/91730/git-files/AED_FINAL_PROJECT/Service_O_Clock/src/UI/SalonServiceAdmin/ManageServicesJPanel.java</file>
            <file>file:/C:/Users/91730/git-files/AED_FINAL_PROJECT/Service_O_Clock/src/UI/PestControlAdmin/ManagePestControlInfoJPanel.java</file>
            <file>file:/C:/Users/91730/git-files/AED_FINAL_PROJECT/Service_O_Clock/src/UI/HomeServiceTechnicianPanels/HomeServiceTechnicianWorkRequestJPanel.java</file>
            <file>file:/C:/Users/91730/git-files/AED_FINAL_PROJECT/Service_O_Clock/src/Role/SalonServicesAdminRole.java</file>
        </group>
    </open-files>
</project-private>
